class,next
1.0,nwekjjpfhltetq.com
1.0,hljxhjitufhbvxdjcr.com
1.0,hljxhjitufhbvxdjcr.com
1.0,sdqjifituyelhsy4r.com
1.0,sdqjifituyelhsy4r.com
1.0,tbvnwohbzj8w.com
1.0,nwekjjpfhltetq.com
1.0,sdqjifituyelhsy4r.com
1.0,nwekjjpfhltetq.com
1.0,koogaktseqmtdpo.com
1.0,hljxhjitufhbvxdjcr.com
1.0,sdqjifituyelhsy4r.com
1.0,koogaktseqmtdpo.com
1.0,hljxhjitufhbvxdjcr.com
1.0,hljxhjitufhbvxdjcr.com
1.0,hljxhjitufhbvxdjcr.com
1.0,hljxhjitufhbvxdjcr.com
1.0,faodilbtnsboq.com
1.0,koogaktseqmtdpo.com
1.0,nwekjjpfhltetq.com
1.0,hljxhjitufhbvxdjcr.com
1.0,sdqjifituyelhsy4r.com
1.0,koogaktseqmtdpo.com
1.0,nwekjjpfhltetq.com
1.0,tbvnwohbzj8w.com
1.0,sdqjifituyelhsy4r.com
1.0,rbyftfidfaubkl.com
1.0,koogaktseqmtdpo.com
1.0,faodilbtnsboq.com
1.0,tbvnwohbzj8w.com
1.0,rbyftfidfaubkl.com
1.0,faodilbtnsboq.com
1.0,nwekjjpfhltetq.com
1.0,hljxhjitufhbvxdjcr.com
1.0,koogaktseqmtdpo.com
1.0,rbyftfidfaubkl.com
1.0,hljxhjitufhbvxdjcr.com
1.0,tbvnwohbzj8w.com
1.0,sdqjifituyelhsy4r.com
1.0,hljxhjitufhbvxdjcr.com
1.0,sdqjifituyelhsy4r.com
1.0,rbyftfidfaubkl.com
1.0,koogaktseqmtdpo.com
1.0,hljxhjitufhbvxdjcr.com
1.0,faodilbtnsboq.com
1.0,tbvnwohbzj8w.com
1.0,sdqjifituyelhsy4r.com
1.0,koogaktseqmtdpo.com
1.0,faodilbtnsboq.com
1.0,nwekjjpfhltetq.com
1.0,tbvnwohbzj8w.com
1.0,rbyftfidfaubkl.com
1.0,sdqjifituyelhsy4r.com
1.0,hljxhjitufhbvxdjcr.com
1.0,sdqjifituyelhsy4r.com
1.0,hljxhjitufhbvxdjcr.com
1.0,sdqjifituyelhsy4r.com
1.0,rbyftfidfaubkl.com
1.0,hljxhjitufhbvxdjcr.com
1.0,rbyftfidfaubkl.com
1.0,koogaktseqmtdpo.com
1.0,faodilbtnsboq.com
1.0,tbvnwohbzj8w.com
1.0,nwekjjpfhltetq.com
1.0,koogaktseqmtdpo.com
1.0,imtfiowxuuplfzgwdyilwmy.com
1.0,hljxhjitufhbvxdjcr.com
1.0,koogaktseqmtdpo.com
1.0,hljxhjitufhbvxdjcr.com
1.0,hljxhjitufhbvxdjcr.com
1.0,tbvnwohbzj8w.com
1.0,nwekjjpfhltetq.com
1.0,faodilbtnsboq.com
1.0,nwekjjpfhltetq.com
1.0,sdqjifituyelhsy4r.com
1.0,tbvnwohbzj8w.com
1.0,nwekjjpfhltetq.com
1.0,rbyftfidfaubkl.com
1.0,nwekjjpfhltetq.com
1.0,tbvnwohbzj8w.com
1.0,faodilbtnsboq.com
1.0,sdqjifituyelhsy4r.com
1.0,nwekjjpfhltetq.com
1.0,rbyftfidfaubkl.com
1.0,koogaktseqmtdpo.com
1.0,faodilbtnsboq.com
1.0,hljxhjitufhbvxdjcr.com
1.0,tbvnwohbzj8w.com
1.0,koogaktseqmtdpo.com
1.0,nwekjjpfhltetq.com
1.0,rbyftfidfaubkl.com
1.0,koogaktseqmtdpo.com
1.0,faodilbtnsboq.com
1.0,rbyftfidfaubkl.com
1.0,nwekjjpfhltetq.com
1.0,sdqjifituyelhsy4r.com
1.0,hljxhjitufhbvxdjcr.com
1.0,koogaktseqmtdpo.com
1.0,tbvnwohbzj8w.com
1.0,koogaktseqmtdpo.com
1.0,faodilbtnsboq.com
1.0,hljxhjitufhbvxdjcr.com
1.0,sdqjifituyelhsy4r.com
1.0,rbyftfidfaubkl.com
1.0,nwekjjpfhltetq.com
1.0,koogaktseqmtdpo.com
1.0,rbyftfidfaubkl.com
1.0,nwekjjpfhltetq.com
1.0,faodilbtnsboq.com
1.0,tbvnwohbzj8w.com
1.0,hljxhjitufhbvxdjcr.com
1.0,tbvnwohbzj8w.com
1.0,rbyftfidfaubkl.com
1.0,tbvnwohbzj8w.com
1.0,sdqjifituyelhsy4r.com
1.0,koogaktseqmtdpo.com
1.0,faodilbtnsboq.com
1.0,tbvnwohbzj8w.com
1.0,faodilbtnsboq.com
1.0,nwekjjpfhltetq.com
1.0,rbyftfidfaubkl.com
1.0,rbyftfidfaubkl.com
1.0,nwekjjpfhltetq.com
1.0,koogaktseqmtdpo.com
1.0,faodilbtnsboq.com
1.0,rbyftfidfaubkl.com
1.0,faodilbtnsboq.com
1.0,nwekjjpfhltetq.com
1.0,koogaktseqmtdpo.com
1.0,hljxhjitufhbvxdjcr.com
1.0,tbvnwohbzj8w.com
1.0,rbyftfidfaubkl.com
1.0,tbvnwohbzj8w.com
1.0,koogaktseqmtdpo.com
1.0,rbyftfidfaubkl.com
1.0,faodilbtnsboq.com
1.0,sdqjifituyelhsy4r.com
1.0,koogaktseqmtdpo.com
1.0,sdqjifituyelhsy4r.com
1.0,tbvnwohbzj8w.com
1.0,sdqjifituyelhsy4r.com
1.0,koogaktseqmtdpo.com
1.0,faodilbtnsboq.com
1.0,hljxhjitufhbvxdjcr.com
1.0,koogaktseqmtdpo.com
1.0,faodilbtnsboq.com
1.0,nwekjjpfhltetq.com
1.0,faodilbtnsboq.com
1.0,faodilbtnsboq.com
1.0,tbvnwohbzj8w.com
1.0,sdqjifituyelhsy4r.com
1.0,nwekjjpfhltetq.com
1.0,koogaktseqmtdpo.com
1.0,hljxhjitufhbvxdjcr.com
1.0,ycqzxojbyofeppbgmjfkjxowyp.com
1.0,teudtfadyytbutcwrwlzmbdif.com
1.0,xbbdskxotduwijxkbyuhexwk.com
1.0,wsfeqcmvscdwgpydxlbvogy.com
1.0,emrhmxsaguauorfyxnbxgfetw.net
1.0,xpuczhsoljrgycivlofzduof.com
1.0,tcnzhaptrsdqhdhixclzdqsov.biz
1.0,sivbakvhizlheplbytdtdixgu.com
1.0,stodyxmrswfaeidyhagadarhbu.org
1.0,pzlyhwzduspnkbwkjfxshozy.org
1.0,aiyhcydpvxoftcilgieauk.info
1.0,xmnmzphoborvdiaiydlkrsop.biz
1.0,htstdpwofiqkukfypnxcmdyi.org
1.0,hylguzdcupvwfyozlfwgyxtg.com
1.0,tjmfgiwghaxyldytojnuszh.org
1.0,dlzpfijppncehwctkgibdjf.info
1.0,uwzmzeuempgykrqkswlxrsukts.com
1.0,gadxojguguktdifilnlmr.net
1.0,zltvstkynfjvlvcbejpjkfiv.biz
1.0,bytbufufazdushcelzlleylrz.biz
1.0,hmozbnrhmmvcxoshe.net
1.0,vwdqgmfknoflhozlprdetygu.net
1.0,jblbyxyxeqpwwsqhawzpuoofibfi.com
1.0,vwxgizhwcpvstginivkprbior.info
1.0,xprxqoeiwkizhxxcgyqoukfqbqzd.info
1.0,yhhukwcpdjguheonaydahycxmz.info
1.0,izaquospzibprktcqkqwskdedmfu.com
1.0,jfgikrzxzltcvsgacsggyuovkfsksw.biz
1.0,ivfecqvorslrrgjbyxjzxszphqkug.biz
1.0,cuyxxcnzukdybambrkemqfmqpjv.biz
1.0,yponfqbqgerkkznvlpdgidymzfa.org
1.0,sfygmllzgigqnfwkberwlivwowu.info
1.0,knqkxwtwibcqbrslxgdaukmzhyv.org
1.0,psgnjlvkeurgcuciucamepjbkrqo.org
1.0,jruwgmsgcmxxskfdeibgqseuq.net
1.0,gqamrducqsnjhlnzhqgdnjaqknbe.com
1.0,ucorrwxgzpleywkinifuxsbmxjn.info
1.0,dpjtsqggakxlroxgqijscwskdq.info
1.0,oraqyttkdyzcaxsbujvhciqsbqfumf.com
1.0,ytzxuskfvknbhvgeqmjcmsoucyh.com
1.0,hitccqtddenzizpfuaminjbrcde.biz
1.0,pdobcujnrsphivgbrgvgzhgursts.com
1.0,htxwpcepzkfpzxcdwcrwscfagqp.org
1.0,mqgayizpjhqnjhiqkkngqpffuyh.biz
1.0,pnbyaiknlqosifugaqflbpvoln.biz
1.0,fyxupcasoaiweydeknphebqpron.com
1.0,emztgwgdqucjdhbqmzhaqwlrxotc.net
1.0,thipzmbgaxgswxofpfmvxgihuzd.net
1.0,pfbquptcnzbudiwsnrrouwwoh.com
1.0,zwcukhgmdilrlhvwireilfukln.com
1.0,knvstztlflvwwwdsohpiblkf.net
1.0,emgmbueprgitmrcuhjrucuscyh.biz
1.0,qeiemqgjvprlvifxglbjrqwtprlrnb.info
1.0,dzplnfjnfqschyfmaqvnbhyhn.biz
1.0,dynwmbhnswhcuwgcysodxmv.com
1.0,mzfeaqirgmskfmxprdecaxjntgjzrw.info
1.0,nzlzupducqlmnskojhycmwo.org
1.0,nbrscacydyxkzeqqckrtmjn.org
1.0,kbukibvsgaeuqytseivzhof.org
1.0,fijrpzlgelizkbxtizlrdroon.org
1.0,dlhehmpxydjvydxclrhehsc.info
1.0,mngwsytwzhhpfskhqcudmulv.com
1.0,dxswucrkemgadpfjfihygmon.com
1.0,buhadbztxcwktkfytkzpbgifkz.biz
1.0,xklcjvlhxgfswdqbycmtxuo.biz
1.0,kjypugofrsxqwydytornvfycu.net
1.0,qwvsvgtlivtoeqxdagupzbit.com
1.0,rosktcheugatnjhlfhtivvr.info
1.0,ffambcegmovdfaorhjvvczuo.com
1.0,dcmtjnizlofjzbelroljntai.com
1.0,nrtydpprkjqsivkjizmnxgfuzx.biz
1.0,rslndqhifyrcjzbeirajnxomvqggyhm.org
1.0,tfycadtoytvcldtkhmdjzzjvtg.org
1.0,huuzhuowofyeajvpbtgsconkf.com
1.0,umjmzbucmswmpbgmdhlvlrlt.com
1.0,nzpydljeiknqozxhypvxsnvroh.biz
1.0,obxlbzlhmjjbaedeztteaaqt.info
1.0,eqkjxamvotmvpbvkskvjnrkfhi.net
1.0,fmzlymvcimjljifirxsyircafa.com
1.0,jrhovcmdlreqlyxqofytkhqk.net
1.0,hdyhljtoyhtocexslhmcrcpyx.com
1.0,aipdaufyorkvnibkjusugambij.com
1.0,wdsceypmhaozovgitohidmv.org
1.0,zxppzlkrqwxhyibusmbornfrkt.org
1.0,bmtrswclrlifdabqxcykrdyvo.com
1.0,lzxdeqteufumjpjbigaxtwgq.org
1.0,cskpjpnbpvpvmfgupdizjrx.info
1.0,euofjrkvlfikftqstvhkb.biz
1.0,pjxbyfyxxsmxndyinemay.com
1.0,plpnttmbroocqxsmvojdqe.biz
1.0,tpvhuwscnvpfeuhvgxgdcm.com
1.0,dmaqheifiztvxgxggejntkijl.com
1.0,ivgmdudtuohrolfekbjneqnbsk.biz
1.0,oofhedhiduughizplttrk.com
1.0,cilozdahqeqdypwgmzknmvdge.net
1.0,cuippxljgurhlzoeafeqgrxg.org
1.0,ckbivdyuoskdpaitcuylrmb.biz
1.0,ctgzorqgizpbbyibmfuwljdtmz.com
1.0,hutsctkqwnbgnbmfhhtd.info
1.0,icyvgypcamfemnbvkbvghatif.org
1.0,xgmvjrsvomnygaampnovoxhyfa.com
1.0,xduwgaippxoaudlypttiv.com
1.0,ttbyxdtdmzdhuguxnzgeug.com
1.0,tqtlayinkbhhrkhkfeyfi.net
1.0,gafqzqsrwnvmbpjqcjzscdytsxcm.com
1.0,qgeizpxayqkhyvljdlfdedqkeeq.biz
1.0,nfqshadjneyizpnvbqlfibrheeyx.org
1.0,bmzughrwggqytuglxzxkjjzypei.org
1.0,uhhyvkderoxfuglrwxmngyro.com
1.0,hqsmdylodyfypdmpjpjzdiftgxw.org
1.0,cipnqodbiugromzlbslrfbybmfx.info
1.0,izhgaqcvfetoxyhygmnbaukbrwl.com
1.0,usduktchypyhgibibuciyhgfuem.net
1.0,hdikfozxzlirjvlbfuditgxnbbm.com
1.0,xmnpnjfkvuxgztpvcpgigydyrs.info
1.0,lamqotowsibpaemvevcfixijdjf.net
1.0,cehmnvxcusdqsrccytxxwxgarcp.com
1.0,xgqkauhqnfofbezdibffuqsinovpv.net
1.0,kjbyeuhojrslzovpjgiljvbyswbi.biz
1.0,mucwswotsxwydizzjbfqbarkei.biz
1.0,huaugygegqlylyxhmugmneqhmtqk.biz
1.0,scgyayxwkrirtkaebmlqwkzxukkf.net
1.0,fagqdeeaxgxgondmdtolbnjzhha.com
1.0,cuvgpjjbmvgykbnrvotwgxpjkzuk.biz
1.0,bquayirfmqwwkyxwmrjbussoqcjv.net
1.0,gzvglfaehplbmrcpbayvmzojdi.info
1.0,dunjhudesgxoaqljmpbvkjzvwwty.com
1.0,gmldswjzeaojwgdmdyonwkprcxknf.net
1.0,hlrbmlneupzpbatopbwghiroofr.info
1.0,rssothicurccyzdtgifzwobuoxop.net
1.0,yjbknqzpjxkvfeduqwzwshmswx.org
1.0,zpgunvdaswpbnjikfpzaeibyhztzt.net
1.0,pzthwcuwgahehvkhizfegyswmv.info
1.0,dytzhprkruchydiftgpvaqwgpaiqg.net
1.0,zpovozqsprlrkvxkhobmjbmtxwx.biz
1.0,bitweynbvkcmeaemtsaixpfnbbazl.net
1.0,hilnxwbimbifoucvrwscbxgsoyzt.com
1.0,pxoemtgpzemwkbmscwcwsibpscxs.net
1.0,qemlzceaemjlbmxcbmgyrsrohiqk.info
1.0,krprzlhjvwspjdfmeamrpjvskbeuw.biz
1.0,gyztivlgarcdqcwrswcmrqghq.biz
1.0,vsvghcequkpkjhmqotqotsyhdjv.biz
1.0,teuqwojdezxkfvpvbcavctbuqstw.info
1.0,vccmqslvfuhaknbaxcpbjzxokfd.com
1.0,xtwpprjraybiuwsgqozpbxsgmwot.com
1.0,lbfuiljvonhircibmbtgjnmvcq.info
1.0,xrwirzdnjvkhqbepzbvcayyhx.info
1.0,jzknbqonmhuxjbzxlxsayeuugp.net
1.0,baxhvsgeicexkfnxjvdabqd.net
1.0,aehjvhdiduoyydtxbevsamj.info
1.0,mfllvozxovtgytgvsqpvciga.org
1.0,hmnzzhlbdqwkylvsplbydqauci.com
1.0,aqdmydscwcpbmblveqlfcag.info
1.0,twleyzxgyvkojtxchtstzpdqkb.net
1.0,ifyxhguxedmlnbqqopwodby.info
1.0,dtyxpxvwytnvgmbmwgadeibsw.info
1.0,dkfjzppqsscqspftsorcxvbi.biz
1.0,vkgegmwwkhpnjvvshpfxxnrrw.com
1.0,hunjfyzxuwdbqqohibevlhqh.biz
1.0,eavclngqcmlzktkeunjkvxxx.biz
1.0,qssgcekzobbnvdufihwjztmzqt.com
1.0,pvxktylcusdujztvsblvusbha.org
1.0,ypairhlrxvwfmpnzhuvlnpl.biz
1.0,xwkrgsklhipsldaojamqcabu.com
1.0,cqovtgfihhnzxgipgyfmqsfinb.biz
1.0,mzqbmfmijkngqzpdbqgbswtxpv.com
1.0,xnjpraqtoyxdilirrcbuhiwo.biz
1.0,ltcnufutsgyaqzvgpffaqsjr.net
1.0,cmqwdljznjjnbvklxwfyztmt.net
1.0,ipfagavijwkvaullrhacqhyoz.biz
1.0,pnzdqtbhbmswznrdybqxghat.com
1.0,tqsyofcyciaiwsvkinfekfddn.org
1.0,dnrmzkjxkhayeahbmhjntkn.com
1.0,dhdiircyjvoblnfmdupprh.info
1.0,xwhubinjhilcmaexdjfudzvg.info
1.0,xtamxggmhuyphfqnuhuztsw.org
1.0,hupzceqkkjkfojswpfhyqmjdt.com
1.0,qoijrstudtofqkylcambhade.biz
1.0,xrdtrsovwhmjinlnxopjjrjr.com
1.0,izvsqwtzltivwsomjdmroacu.com
1.0,zlhmrwztxwxgbqvpdjrdmfkr.org
1.0,tofqpfmrgfywswdjnzxhlrkdyp.com
1.0,mreykrifgahqcevgnvaugykbgy.org
1.0,augyyzzpknzdeqwkozqolzemtu.biz
1.0,ucxpjxifyxtdimrauhdepldavw.com
1.0,lzobxctgfugxopzdpsaqskwg.org
1.0,zhsoxsulkrfljrsuhejrlbyl.com
1.0,rspjbmhayxphljtnrwmjp.com
1.0,tkcmbercrsvcmrpmncyhgyemm.info
1.0,xqwbehxwlljrczkngmpehtkyx.net
1.0,irfmswpjdanrbqequwkndktduw.net
1.0,lozfulzlrctemgadttfiscon.info
1.0,stctslplxoozgutsqoxt.biz
1.0,pzlhdovwotrghihovthud.net
1.0,bmhhjnbecapvaqtotvslfprdal.org
1.0,mvvcycqzfihydgyusg.info
1.0,badciivgixcxsrqozlypon.biz
1.0,ljbexkbhyswqaenrcijbq.org
1.0,luskbpslbeqhyfttxivmzy.com
1.0,amtfywsopzwqkvcxgbe.com
1.0,xhiddergmljxdidmhukdmp.info
1.0,tcmzpqcsodqjzmvdtglvtoon.org
1.0,xeizbmdalmvltvktpnrpzm.net
1.0,hmgiebmzpypvgljypovyd.com
1.0,opxsemdmyxgydroaikjxprveq.info
1.0,sghcilvnbhtchokcmdmj.com
1.0,zduwvhyeapfrwpyxmbfapnlrbova.net
1.0,aufinzrtlrxfifkvljpforzddqg.org
1.0,mzwoqkauhvaydeeqqvwgydvolib.biz
1.0,dmojgeovbaeivwxpvsmrbeeqfqam.org
1.0,xwedmmbnjprglvqsvwzdukbmqoem.biz
1.0,jfhmdqsgwoonpkfnbtgskbulqsov.biz
1.0,mronlrgymvbvwjbpfwvodlj.net
1.0,pfxcvgtkhnvkvucglfmrjbijgeij.net
1.0,rcsgirydizljbcicenjdgqcuwgyby.org
1.0,nbfehucxwfmjzormvcieiozplbtspn.com
1.0,udedutvgqgswjvcmpzfuteadecq.info
1.0,pramscmkbdfugieurwttsqgvwljf.com
1.0,orhcevobadydmvowcvwwxcvcgozd.com
1.0,lbtgfmxydqjvvkskgudyyhtayakz.info
1.0,kfxfaijnrinpbdmdalzzgalbytjde.com
1.0,ojtwcskwsrgingacynbytstkkrtj.net
1.0,zhwgcmeybsoeyonivttxociustc.com
1.0,ovpvtzugcqtlhsgibydonfu.net
1.0,ifayprzhduusnfbisgqwdefqcmaq.com
1.0,bubinfcavvwobirrlnhiztwytei.info
1.0,xzlqwtcbejfpxfiwghuthyxvcau.biz
1.0,dmpbvtcexwbeshhalztdqjbhaqg.com
1.0,xvodztinmvsttgxgkjdyztmrpfq.biz
1.0,ojkfofuwhpduwktceiaybepzmbzx.net
1.0,fqorknrspjdmbrccduxokvamvskr.org
1.0,eyztvgqccmhatwpnzljxkirfmhu.org
1.0,wtmrkbepncahergnjifvktoyhqg.com
1.0,kvztxdavokvxxdjvydxwonfrs.biz
1.0,qcjzeummvtguddetprohimzxsxg.org
1.0,aunbqwlzvctaipvqwdbihizlgivga.biz
1.0,jrrljyxvgymvnvlfrsbahutwdmf.com
1.0,begagqpzvwdjzskxgixkzxpfaugqnf.com
1.0,gulrhqrgaygmbyleudqqgtkustkr.com
1.0,cipnmbgehttjzgipnxpvyxcyfuv.com
1.0,vsailswbutkeiqsbydmrtwtcvotspn.biz
1.0,zxqkijbxltoylngvwglnlfnb.net
1.0,earcxkcqghmfudbeeipbmjswfqgylr.info
1.0,lncusgkhygmdjbbqadaergo.info
1.0,vwrvorcyxswxgzmrdhyhzpbq.net
1.0,bypncchuxsskojusfmaqcyhq.com
1.0,pnqkpgiqclypdljjfbutijtqc.net
1.0,pzrcyqsttcgaqguwdmvolbvgde.com
1.0,jzondytrcisgpftwfuuoxlzeux.com
1.0,voyxxbivsukduttozpbivixc.info
1.0,pcercnjdytgjqwbutohmzcumn.net
1.0,bezhdrgqscaesneqkbcetxsb.org
1.0,xguougvwibtcdtsabyeahijrdu.com
1.0,dmjzlbsttdhdbalxlnwgmvg.info
1.0,zpuhqtxkjvlhaaddegzorei.net
1.0,twtxwpzdaxcmjprdaugrggjng.org
1.0,ljjndicymrmgamcilkvsotxg.org
1.0,swthrzxxzhpjpzxshsgdppf.info
1.0,bejnfyxodljhenvfadvcmbfids.biz
1.0,dusclbgmudeyhbtsosteigm.com
1.0,thmwogebyuxlhyamxsoirxg.com
1.0,mndusnrozakrtzyjbprdmvey.info
1.0,ydfaoprwwofsdgalrbursmvp.com
1.0,mvhyvomreihmppcezaymzgeqs.com
1.0,fipffimznznfthtxjrjzfmcmh.biz
1.0,zphinblfepdugaizzhzeayskzh.org
1.0,jfqotcmgahqguyhjfyhcadto.biz
1.0,ugdkfhpuyfjbhpsqcxxo.biz
1.0,rwdaswtscaijmvszeuzpfylpf.com
1.0,xkbguhnzfitcqwcsolucduauhq.net
1.0,pmbvsvokvfelbfmtklqntkh.com
1.0,rwemtpfhcylfecmlxsuorbior.biz
1.0,qsbdapmgmuprciytqwdkfifn.net
1.0,fgabqhylxypdhmxcayibn.com
1.0,gutkztzxpjryttoughlxqs.com
1.0,mjmztzpamtobxnzylheyxyluot.org
1.0,ijhsxzmvtkcrszkrpnhpjx.com
1.0,scutvcguttlfusirxdfmvs.biz
1.0,zpucxrydofvoauprvvogahqvgr.com
1.0,pvcydfiwtsosggubamnbi.com
1.0,qshfcqnvhsamfujzahklo.net
1.0,kmbuwvwampanwsyhjvxkx.com
1.0,jvpdeibgeuwhqsxoamnzrgu.net
1.0,aoznfsgdbmswjbonkzhpzgejz.biz
1.0,pjpuwjntprdakbqinzlth.info
1.0,xspnzayivorxvwlbivskcyqcdm.biz
1.0,fegilzlrwhmljpbhfabqlftkof.com
1.0,trpmbpvwolvcxgwkgunbpz.net
1.0,ijaelrhqorsmjqgcyifrcyovq.com
1.0,eaeueytkgmfipnitptwmrtmbkr.org
1.0,gmozolbdcellvbqamxinlpj.com
1.0,puojirfedaudeszdbarobudqzl.com
1.0,lzdsgcyxdvsofpvduivzijd.org
1.0,xsjizfueibtirwgnzhxknp.biz
1.0,zldcbsveytxmnaqlfpv.com
1.0,fxrkinaqypgauhixamtpg.org
1.0,xguurwzxtlmzrotndbube.biz
1.0,xnbqbyxfeornzdqbfiobmztdas.org
1.0,qgdipscgbqdykrtsgqgc.info
1.0,mjnvozvkkbirdqlvsqkgqrgnvlfpwo.com
1.0,zaqxpovxsdexpvbxzthy.biz
1.0,hepcqmfthepbbynbztwcpaqhiuw.biz
1.0,eujffamnaiaqdalrpzaybqxgtbewcx.org
1.0,xtolfcqnbuctvwkrzltsdbqvprp.biz
1.0,ofqvcxgcyfqojbedkzrsjnmjwo.info
1.0,eqgunreqdeugijceuozivpeivkjbxk.com
1.0,rcsklnbyljahqdrwnfbagyhurociyl.com
1.0,yxdorpzxheaiofhujndqibbuxksgor.com
1.0,eonobytsgqjnmzinpbngvoinx.biz
1.0,ydzdauwckvpzjmvaybifovrcnv.info
1.0,wohhtuozttgmbabmapuoibhmqo.info
1.0,kbaihugaausyhbmdimjdciaiyxxc.org
1.0,gifaxlbqzpbqbmhevwmzztpzdewkrc.biz
1.0,aqirkkzharcdcytxskrvcvctozpt.org
1.0,hylnkjjftkukfyhmqkarozxbqlvjfx.biz
1.0,dqjyxpihmwgvslspnvknswmbsc.info
1.0,wshwohumrucdulzlzlfobnbuwxcmf.net
1.0,qkztxrcfyprlfzxtggetijcwgbq.biz
1.0,fynjnmncqfuswvcuvcaqnfrginwcmr.org
1.0,gyobbykvlmjdetwgirljypljp.biz
1.0,krnzugfarwauugmzlskguhqfebmt.net
1.0,xozwizbqbudeprbupbipzhqotcvg.info
1.0,ebiwkxdminguukmjthyqssktksw.info
1.0,orjrpblbauxpjrbirharktsifjn.info
1.0,eadedgmeufubefqlwsuwfmonzxro.net
1.0,ijeqeugirwkfxgytfebubuxkauh.org
1.0,pvdtsaxwhiwonknkjmnrcucwgsw.com
1.0,dlqggqtsxdgionofxkaqzkrxsrk.com
1.0,uskbtotsqyhltbygmrgxwgmordmv.info
1.0,pxfuzprjnjrdlzdvceiofdiyh.biz
1.0,cypojpbgafmlobngqifgebulrov.com
1.0,nrkrpkzddxspnwkmzttemxglbgu.net
1.0,rwpftkydtqwnrhprpjrghqwcizx.net
1.0,zxnldqbueadikzvolbhqizrgygirs.org
1.0,cmzhuukxweuwkyxlbfilnxogenrmn.com
1.0,ciuofminvklbrglprgqjtcrk.org
1.0,toxkrsxkqxxvwlqotskheyce.com
1.0,dlrgfmduhguhltkjsxbqfmxc.info
1.0,sgirhuylzmblprvgpjonzppfhm.com
1.0,lchhmpvzxtkucpifixaepfchm.com
1.0,nvizijhavonbhuhpvpfmeahziz.org
1.0,jzzhddmydtspnjvywdlzlruwph.org
1.0,zpzdlrlzkvppbwkahetsuk.info
1.0,dfalbprlrswmvttkivgqylxlz.info
1.0,jroziptwqjojxwuylpnhain.info
1.0,hgyydafetjzpzrklnlpbuslrzd.com
1.0,qorsxydonlvpzxlforxmnhanf.org
1.0,cebqvtozmnhelrskztfbudyyi.biz
1.0,aqylibcixfqpfxpjfqhmtkmzd.com
1.0,ofeyqckfhguhahpluwpuwtzx.biz
1.0,pfscqkrchaimflvxmjxlxhirwk.biz
1.0,dxklzqwwtqggobeqlnbnbnf.info
1.0,nlcmsgusdswrotxwxojjfdixw.info
1.0,yuxkcavpyhsglrrobqeivvg.org
1.0,hadypfgargxfqpvyxxozpjytg.com
1.0,dtvrgeaiblvgfeguvaebhpzov.com
1.0,aenzbuyhizqougofkvteqqwmveuskiv.info
1.0,jvdiwslnkxgnvnfsemdpwsiz.biz
1.0,kjyupfyphiaetxwhmfyguhm.org
1.0,lzbupdyyhhayzojwccxtglv.info
1.0,lmjcipcmmftghlfvtttjnpvau.biz
1.0,kfireuzlzbmnjcadasgdlugbq.net
1.0,aymbfexowsavcdyvfudcmmrjy.com
1.0,usbuvkuwprxwctxcnjongupfxp.org
1.0,ixdiscxljzbmlfjyzbejrpz.com
1.0,ijhuxvogeeyqwvwrwfadlmzaq.com
1.0,txcaecykztgschzukxoeqayjz.biz
1.0,intsuknvkjdbawlbqfuzhowyt.info
1.0,yrsxwmlfxytnzhhydycqof.net
1.0,pnmfrghcahedscxlrjjzuchxs.com
1.0,lfizhbmlblztvsbydaduhmda.info
1.0,zhgemvbazdeiqofdxonh.net
1.0,sgrokjqobuyxrdciibhpvs.com
1.0,gafhhyfqtkxjnptknflrivdiu.org
1.0,jhuhmincdlbkvztztdud.info
1.0,dmlfkkzvcaeztdcitgpbrk.biz
1.0,rwreqduhjrfyfyrobmjbydhah.biz
1.0,uctzlzvoinpbzhjvtxfmxy.net
1.0,vqtfugexljxkpffuttvt.net
1.0,xkxxqwtoirmvibmnvqstvw.com
1.0,cerodjfojzpvoorhcelvbqujf.biz
1.0,dtinvoulqobidyddgiyxeq.biz
1.0,hxmrjrirciylyxhyrwjro.com
1.0,tgiinzporfqwsdhcipppvk.biz
1.0,ukxnfawkhwobmfalampv.biz
1.0,xduwcdixkbmlivxiylppp.net
1.0,dxxwbipauvgijutkhyuwsqo.com
1.0,orvuowkkjqgvxwinfmlzttggif.org
1.0,pdaxoudqcygirudergxpd.net
1.0,fgemzkvtwfofxdmvtmj.com
1.0,buhbmvcemeqlddscgqdo.com
1.0,ruwzxcdijbcinzhmypnfxljjnx.biz
1.0,ylbirojwgkjrylhxpijouc.org
1.0,prylcainmjwwtxeyrtaidu.com
1.0,htlbcacmakzgubisoizfm.com
1.0,giojzddijblhyqxkgqytbmbqdihe.net
1.0,vwojqcxotovrkjqkhpbjvgirgxhy.biz
1.0,hozhyhciuczhqljvpzvwbazhfaug.net
1.0,nvtmvmjyypwcobnzbiuolzroblb.net
1.0,vsfqljtsgkztsusjbbyjflfobqowo.net
1.0,twxkkrqwtizqkfhmdadslvfitkj.org
1.0,vcrgtoveyxoeidyxxccufeamnf.info
1.0,twojuofmzuwemtgmrsoepbeiyh.biz
1.0,rtocqtgjbcmsctqvcwsqkpbtrgce.biz
1.0,ucknprxugtrgvcqnbcmgmhqslj.info
1.0,knvgyhkfronvpbronfddukkvggm.biz
1.0,dinvizleahyhxklbbixsgeyxwoj.com
1.0,euhmfeqcrprlbucamdumnsgxhqvwhi.com
1.0,cionmzonifnvprxdtsmvfudungux.info
1.0,cevktwzheuagqzyhnfxwdeijscinlz.biz
1.0,onsgefetpsgtchiswdqdmuwtsde.com
1.0,nbluzhcuzxhmbarzlxkkfytukorpn.com
1.0,ueipjaygypzuslpzlkroricegerk.org
1.0,aeuhvwvcvfqstaepbqohmdfm.info
1.0,ojmpbucmvkskwibxcnjcucekzdd.net
1.0,aeyduczdqgorqgtcuzhortythkzjr.org
1.0,ceifkjhyqclndaxcrshueigehqnju.com
1.0,lnauqwctgmdydaqoondyhorlncaiv.com
1.0,dlxgdemytswftwrorwdimbyxmbuw.com
1.0,eafigytuwcynfwcvojqshkbtdur.com
1.0,xhmnqgrwempbskgepozvwxskcmw.net
1.0,xsctnzrsgebezxcmtaihuqtcwgus.org
1.0,ofguauhrszhmbdatostonqwckzqw.org
1.0,lrkpirpjdpcubqeulztskvp.com
1.0,kjxgqtpyxcqambeqceqrszdbippn.net
1.0,mfkjauizguohuibxglrggiljbpf.biz
1.0,tozdovtoeudmkzqwxthqgrcljkrq.com
1.0,zdhmjrxsgaphyeyojmrjvfylfxs.com
1.0,xwornrxgpdyjfhrgzwgmjoguqlv.net
1.0,lciyxzlkfqwzuoxwxwnrjnsodijfpb.info
1.0,jnlwksojzvsdtpwvwhiffaxw.info
1.0,xosxgutolpdufafepnbbmxau.biz
1.0,beylrstjrroukpqwqgofvgojyl.org
1.0,dqhpjlkvqcpzxwhkyhxjfhy.org
1.0,hylmndzxljfyhhiosnlrpx.info
1.0,hdyttktbmsgvgyaexivudalp.info
1.0,arvkwcjnmbdlnameuythhuau.org
1.0,gipnhnfcukjlnpbzdhqdubqfd.net
1.0,qsivkvmrpngmxgdgafqulnttf.net
1.0,swlzdyoucpizaitdyijivtlbei.net
1.0,riaqvgmtwhdalugwdaikzge.org
1.0,psaqlfhdgyokflzyhnzpvky.com
1.0,fqyqokbcaciowsaenfqpukkj.com
1.0,emmvgilnvzdwokfhuditeyxotk.biz
1.0,jnhiqcexkltkhixdmbpjzfa.com
1.0,kzvwtvspnheheyzxtsrcin.info
1.0,aylzpqswmfemaucesguknhidkv.com
1.0,mvpbqrcdahdeirvgxwytaupon.biz
1.0,qgttyvxgkbefiifvgquoqvkso.com
1.0,dqcpnojlpheczpqktojobpv.com
1.0,haibdyshqhfacaqhudjvmf.info
1.0,pljpttlnypvnbdupndtsoxca.com
1.0,rkphmtuojaqlvkdlzljxctwhu.net
1.0,lxohawkolzxgtdeaqoxohrcnf.org
1.0,jvnbdemhevopyljlhefexceyon.net
1.0,uogqnrgufqamwopnsowyptgd.net
1.0,hynfjnrggayvwdjfbmdqejauy.com
1.0,lblnizfqhmzhtmrdxhgitfytwp.net
1.0,onpjbgazhxxrqkmzcawgmnxcuw.com
1.0,rogamnskusifxstkvobdmbaamayamib.info
1.0,pvbmdorgyvgmzxdtctwlvsprl.biz
1.0,tlrscwgpmfhmjlbjbzhbmhjpb.com
1.0,pydsknbazpinxodmzdirzptkuo.com
1.0,dizdtsjnsgtoxydusgpfbyz.biz
1.0,gatkztnawstclnmzaicyayxfm.net
1.0,lxtrgttcaycqfqbihaprusmzyd.biz
1.0,zdvotgxckntppjkbucxtkbci.com
1.0,tqcdynjbybezhxpzxgmeypj.biz
1.0,aqlyhidhiupwgxozxwfiamu.com
1.0,ijuotkydvghkrqofijfeylnrpt.com
1.0,fbmlrtdurgxxsfuthlvowsjnwk.biz
1.0,rsxkwusdhqxspzxdemjzhh.biz
1.0,scdpmzlheixbmdtwcxwcykb.net
1.0,mbcmxcqoduofpfbmorirhqtscyhazpd.com
1.0,lzhvzfqtcsdylijdiqbidqtode.com
1.0,kfnxukzvsqgpfmsckvbqijeqof.com
1.0,jnjzeimfpjkfjfdayptsivgiso.biz
1.0,qsfmxnbqmbprmuseulqdydh.info
1.0,ydplbhtwtctklfdnzrwolq.com
1.0,lfpaembbapbwghaudikfhmof.com
1.0,badmswojbhmhdexkopdqj.org
1.0,ivsoldibskkrdzxshmhzbe.biz
1.0,wkibbagaemheydypwgpwc.net
1.0,yplrcumfwsvcgetahiayr.com
1.0,ylhmpyxwirazxjvsoamnjruwdc.org
1.0,cqaitjvhevgydkrlhiguhyivg.com
1.0,hmcfmkdygmivovvwkngaly.biz
1.0,kfvdiiflvnfqqsnjnrxgxvwto.net
1.0,ausphuwsztfmptqlkzjtkx.org
1.0,jvsoofuswczpaixnfvgvo.biz
1.0,ztksueyfuxthzdjvzj.com
1.0,ylqgainfyhtwcucyttcuhmhzhwp.com
1.0,ifgonmvovfacqgaeqzdaqugjnmvgq.info
1.0,mmjivhyyhyeuhbybibqknkrmjkz.com
1.0,vksvoguxweahxmzmrqvwteuijmj.info
1.0,solftwpfgmayfynfpxijaqvwhis.net
1.0,gywvhulxpgdlorjzcibetcl.org
1.0,krpftukunbamdqsovxjbskguzhmn.org
1.0,ojcayxhrgfmfmllaivcybiemtiz.org
1.0,jvxmvnzlrpxaeeixgjfxghuxhal.org
1.0,pfojfedevwvkeqvvwcevkjngoruk.com
1.0,avsfuxwxgamhnrbucbmkbeqizov.info
1.0,lzemlfufesgkqotonzdxsfyrkhqc.biz
1.0,amempvfeldlzlfajbqozypkvplv.biz
1.0,loforcudvspvdmvscgihmmvcmso.info
1.0,hmhmbvkaqtgwoqintofcmypfayh.com
1.0,tqkointgobtxvwrijxvgkrgynv.net
1.0,hvskrrwxodahfijnwcmnrkjveorqw.org
1.0,nrmayfmhmnwgeuxpvhyiblfrkyh.net
1.0,jrmrvcytxcgetroxcvherclivtk.net
1.0,ondeozjrtomjhiwohefqvsacipfhe.biz
1.0,bapzxoukaqzdttsgfaifmnzptsx.info
1.0,fefikaykjcqzlemcairhcmrcpvsw.biz
1.0,geuwqwnvjneajblrsohojmbbatoemh.com
1.0,gipfrylnjrcxgthqlfqzlqkfatofy.org
1.0,drkivnzdmxwdwkaexwscbudutlzl.com
1.0,plnprgegejrhfypzgupzgairqwai.org
1.0,mjzhnfwkgahdfmthzlskdlf.com
1.0,leinvtgkbmjozpfkrlnduheovduz.info
1.0,budembqknlijeuknugtotgbisgzhp.com
1.0,mvqohuwpflbeaibqnrxstcofinrc.info
1.0,nfwkcutcxgnfmnxrztbenvkjorqjb.biz
1.0,hozxktizorobpzskrobehxsrsqs.com
1.0,uoykjfxsdiifpjronmfgifausbap.biz
1.0,tbvnwohbzj8w.com
1.0,tbvnwohbzj8w.com
1.0,rbyftfidfaubkl.com
1.0,faodilbtnsboq.com
1.0,nwekjjpfhltetq.com
1.0,sdqjifituyelhsy4r.com
1.0,nwekjjpfhltetq.com
1.0,faodilbtnsboq.com
1.0,rbyftfidfaubkl.com
1.0,tbvnwohbzj8w.com
1.0,nwekjjpfhltetq.com
1.0,hljxhjitufhbvxdjcr.com
1.0,ayxhkfskwsqjnteiuwqdaxots.info
1.0,pvovwnrllvswcilhwkxcyds.biz
1.0,xcibguxdahqayjnzxqcbaypea.com
1.0,dutwvcepvzdcuhijrdugxvotk.com
1.0,vstrwojqkscufqadhurwgatwq.net
1.0,vydrwkrzlguxxgmpibyztgifm.com
1.0,eadiryxdezhwgvsdhqscambjnt.com
1.0,xqchobozkvxlorcadfexclqs.net
1.0,qcwghalzswfaduhucevoear.biz
1.0,rslfcabmmvrlcufamndubeyot.biz
1.0,uwqgpbpfhhhyrscqgaldyrlt.net
1.0,lvrwltkzknifvkugsfuytjz.com
1.0,kxspnmbslbyxkpxfaugqpdnj.org
1.0,swirhekfwhwkxkremjljcii.net
1.0,qbonhyxsgsggqrwhhtbuqwwcby.com
1.0,cjnnvlbjwcibduxztpzomjjfsw.biz
1.0,mvplbroxpnlprlscfuxgkzvs.com
1.0,llzxqieyscvsddcqyxqkuctrw.net
1.0,xlzqgvgnzylhmfmcmroylharswsbirc.com
1.0,yfzxpxijmjmfmnonhersmbtoj.org
1.0,mzivpmzylorljvautspcymramx.biz
1.0,dymrzhljskxscpnojtgilptst.com
1.0,rwilfhyjvxtqnzaorkzknirvo.com
1.0,kztqobucuqgnfirxsxgijbpift.org
1.0,ylhaidmbzdvkpzgqqgdzhgenei.org
1.0,bittnzvwtculvcrgqoxdagq.com
1.0,sfqzdprlrvohxtgvkztpnvf.com
1.0,pflucljrgmjtgcqhlcyydwggpx.com
1.0,hltooztkvslqspyxkjpzcy.info
1.0,dlvyhfunbxgdzhxemptgwhmgy.biz
1.0,toktttmnpxzlbmlffebmzjnhy.com
1.0,vwlvtkrkemtolvodqmjdemizuw.com
1.0,xonflzpcyxonfqxvkknwoifjr.info
1.0,jfsocaxojrugphrkvxrkyhmnib.com
1.0,umztbduwflvaipfaemguytwmv.org
1.0,hutsmfeyxfeuhjzeqxnjgulf.info
1.0,ugzldwoylguzlleqnqwgfy.org
1.0,tgsocyhcazaubutttnvfmpv.com
1.0,ofuwsskkzrkinylxotssgeayge.net
1.0,dirdcijbmzyhdunlzvkhergt.org
1.0,syptoifzhjrironfilbqpcutl.net
1.0,kftdhpvwzlxhxslmdmyxqsw.biz
1.0,mfkblzxtjrdzmrxkceaqyx.biz
1.0,yltpxsgynvvovyrxaqdt.biz
1.0,fmbahmaqprobnzqoukwohlrqs.biz
1.0,rgmbdtmopmzvjrtgciozldn.net
1.0,ydozjfroqwudahitgvslz.com
1.0,ofpdhpxnbvcxkswwswxsrvuo.com
1.0,izosydkfijscceprkciayugsuk.com
1.0,ypkrhujfrgmvnreahulbfmoz.biz
1.0,taqzxduxcmtknfjnzhaiwxkdy.biz
1.0,uknugjtstgeajredfta.com
1.0,lvamaiukyijduughxctsp.net
1.0,nytcecygimphcuucprp.org
1.0,vsaidmwgrwcganuqgpxx.net
1.0,eulvwgtetlrdtdvobmduw.info
1.0,hqnijqgqxkobkjyhtdiduxosc.biz
1.0,eqppjivbavwaupfhyfifqhozinr.info
1.0,upztowsbiuinwdxsxyxnbfudmh.info
1.0,cmhlfnbmzyxpzpxjfypvwgtohbe.org
1.0,sgxylugpnmnonibtoknpngmptg.info
1.0,vwamxwdqqhadyxvtopipbmvqclj.org
1.0,delnydkyporuogddazxuwlpvwkwg.net
1.0,pbuwmvcqfyxguytnvdileqkjscf.org
1.0,xprizwcjnwzttkvohiflnhknzhjf.net
1.0,pmvbikjbqlbcmdojpmjozlzrpb.info
1.0,xrkkbpaurknzmjswsonfeqsonxo.com
1.0,prcedqamgqqtbyvweyzpxcmvz.info
1.0,tgpblfqheobudqwbeynrdwodquc.org
1.0,qsvstwaqtgpgmskyhxswcmndywmf.net
1.0,lnrkirvgbilbaqswortkvowlhmp.biz
1.0,cudyvcnftkyxwzjbzxeylfqwqgvk.org
1.0,qwbqfuyxuseulvvkusbiwguglftwpt.org
1.0,sctprkneudxowodbatwytvhyzhfy.com
1.0,joronbyydpmfijvkofaiydxkdij.com
1.0,toqoeuyxhifuzllroninaidhezxxs.com
1.0,pzkfxaronnvrwswnrjnnvbmobswhu.com
1.0,deskcagitbfuuoibpwcqizx.info
1.0,zpeynrzplwctzhtnjskiizornvpr.net
1.0,cexorovgqskucskjrkhuvsozdiso.biz
1.0,vgmfsdmwktnzhfepbmvjvgahegi.info
1.0,dyptwaevvgukjrkbqvoxcrwbmqgvg.info
1.0,yugknxonciovwsxjzkjnzlsvgvg.com
1.0,ivdllfgixwrogefueqeurkztpqczd.biz
1.0,xgscanzlrskyydcmhhvssodtgl.info
1.0,duvrgnftgdmizvizrkfeoznr.biz
1.0,jvmbeqgmtsuguccexonrvcfaslvtcda.com
1.0,lrkeuwkvcqizvktzdmfgmrouo.net
1.0,feaukbyvsrszkjpnrjnlukrs.com
1.0,byfiwkdynvemxpzucqlblbug.biz
1.0,lvfidamncwshekypwcgacqvi.biz
1.0,vgjntvxcpftmbcdygeaduvgge.com
1.0,xcgqmjlhxydpnizeazhqkbmvib.biz
1.0,bixjbydqopwpvbilvgucqqk.biz
1.0,caypervktwpfqklbhydepbmbx.info
1.0,ursvsuwxsbqzltpzhojswon.net
1.0,yxhqxnjroqydptsaycibmytozp.org
1.0,rszlcyljbmyytxdditwdqnfh.biz
1.0,ztgavcqucciiblokzcyddvc.com
1.0,inbyirgescapwoirrjluolbhoz.com
1.0,wkjlbwgzsksoohafusmfgzxxo.com
1.0,drcumjhivwwgxojrytcyfuqxk.net
1.0,zxgibidqgyvowopzmlndmdae.biz
1.0,hhuuqchivqgeipofeuppckr.com
1.0,twcehlzlzlfqxknzhydyeqijhm.com
1.0,byxsxdixctprpyhdttkfyqgujv.com
1.0,mvzeaqkjncubyojcaormvswtuo.org
1.0,nraebaqshizhvsooveujvhapvd.biz
1.0,dagehujbcqjftocudapreajnccieuyt.org
1.0,txwhasoonfqxlzrpnemnlbqyt.com
1.0,lbgehnzgqucwklvwkrpwhqoob.info
1.0,dmlvhiknvkpjzdxdbqzpcqijgi.net
1.0,wumzfaspzukibcaqhelqoceir.info
1.0,eiofozqcofqseatshhuyxbiov.net
1.0,jrsczkvonxeilvxpdyaqifinxk.com
1.0,gawkpzfitwovqsgiuaelrcskb.info
1.0,owotijmbaqcxgpjvamgyfuei.info
1.0,vlvcibabaduoamamxxhpjwg.info
1.0,puskfgeacwemxwypbmnvsoj.com
1.0,ficeyxwdywcpjtfxkribqpb.biz
1.0,dapbwwbuzhlljmrydlzu.com
1.0,mnvwmfbqkpgucetqwptaqdmau.biz
1.0,lftklscqwptxxpfzqgtvk.info
1.0,ypovfujrjnqczllzircpdnjfa.biz
1.0,prcdekbnjbevokrziqukcmljt.net
1.0,pcebqiheeidpojfmdtmbgmgy.biz
1.0,cmltckjbaizzphmxpeqdaggeuk.biz
1.0,wnjmtrgdsclxjqytu.com
1.0,ucdhqsukeyhmrdoftgmdalbyht.com
1.0,dminhqocanzckbxwdeidakj.com
1.0,knltztlnvzxqknvpzmgqatxc.biz
1.0,tqkkzydinzdtxctduovz.biz
1.0,ztaukzrchhcemfzmfbtmrl.org
1.0,jtjzygubvwfidcaqpzkve.info
1.0,nfvyxqcvofuoflxoskknkjcyqgbu.com
1.0,jfaypzdhekzfmivbmpfzlrcuzei.biz
1.0,pcqmzijvuomfvollnbqqsytheobde.org
1.0,ljswzdovyljzvkfmzinpbtclrcmd.com
1.0,xstwbipdofeyfycajrfmucukknzp.org
1.0,nvprppvvwlifwctweivschqpjvw.biz
1.0,mzdxsojgxoijqpblxgilrhat.net
1.0,cerchcmsgbuhlvgaughqjfrcbqyxz.org
1.0,ptwtdixgidmxkufqjzttwdaljdu.com
1.0,lrugorcqqclvkbrwgqmjirampduus.info
1.0,skrxbqxodmfmjbpdqgvkpfqkpftw.com
1.0,tivivdavwwxmnzpxzlzxkruszlcy.biz
1.0,kjdmfyknzlroruocuwcgibeorkvgt.org
1.0,nvwgkfplnxgbivwtgmayamwcirofob.net
1.0,pphtkjbwskrmbgmcucyonnvxeikn.com
1.0,zleacqwljzxsotgzhzhdionlzpiriz.com
1.0,nrknprusxzskwroyxdqwgeyqofeir.info
1.0,vcpeuhibmfzxyqkfersxwodil.com
1.0,uwprsjnvgqowccauglzlzhwomwco.info
1.0,gmfmtijhamfdyhytlojvkjvukbh.net
1.0,gytnbivzpbqyokfdudewonvbqfqp.com
1.0,obuczhpwgflvprpqtgswhfitcuw.com
1.0,ozwgaiytjzizlfgionrsypayqroyhx.net
1.0,ucxsqdqljlgeprlgiamrkrgaexs.info
1.0,hubqxeididgytsnjrxozembmgmt.com
1.0,ydbqypypscjbxcezdbqdaixskdxo.com
1.0,pjnvhyvoxqcozswdmojmrtsbatclvd.net
1.0,dqmrwouofiibydzxusvofucmtgzt.org
1.0,tlzjrqcpjbugsctylhuxofdd.com
1.0,hmppgiemnjuwhmcwsqophifevwyh.net
1.0,kjzxgiknjzbilneugtukuchayhd.org
1.0,lvkfeplbsktwduzxcirobijforge.org
1.0,eutxwcqwcayvwdalxgwkyxrtuk.info
1.0,rcbsocoxwzdxgfynfkfxmbijhus.org
1.0,ojpnpfpuxgeypkrfedirgixccmy.net
1.0,pncyinpffaogiobtsxkfxsknzfuce.net
1.0,knucgmqwnrlmnvwjvmfrgnfdqdxc.org
1.0,kjydonsknrmxoyxvxwpvoxkwgzluw.com
1.0,fyjnmkzeqbepjmbxdqeqymjcu.biz
1.0,pmzztlqeyucytdqzydtgzthqs.biz
1.0,pgyyttwjfpjpjncmsxtxkyh.com
1.0,xspdcmtfirwzlbxronfcifnb.com
1.0,lrylduofditlbdfyivcuzpjbxayyx.com
1.0,pvodyhvgnzeyfexkfugaeanzdaq.com
1.0,eabeaorzlpzlfuowkxkgqdybmmvu.info
1.0,prtjnfydmrfuxlgugyaedtx.biz
1.0,rgkfhyqgbubiqgqtorwgugongil.org
1.0,cahenbljwhepnswciobojknwssgy.net
1.0,cuvshnfsohmdjbqsbuhmfdlvx.com
1.0,aiydtirlzthonzlifqsuguw.biz
1.0,amcqkbptjtxojozizqocqlf.biz
1.0,nvlveyrodmzqgpinmhusgxpz.com
1.0,pnvrguwlscrseuyhnrfuhfmfq.com
1.0,sgbaklbapvlvrgjfgugqjnskor.org
1.0,fivcpbciuspyxrtstsemfqhgpv.org
1.0,kjvwwoxwxrcbqvsclvinhqxg.net
1.0,bugaxwzldyqoeykrnrgyqmfpn.net
1.0,laymvmbfekxcvgkffemvbesoba.biz
1.0,obpbamgqcyswlsgcammfrcgel.com
1.0,hekeieqxjrmnxsdnvdhyrk.info
1.0,qlgixtcicyamlaujqggqqeuon.com
1.0,clrukdjfqtsucgmxgqtypcylf.net
1.0,djuwayzxijclpibskkjxztd.org
1.0,eyfbuvlhqkrsdcytobeaifzxjv.biz
1.0,dbeizdykfsciihzhkvjnzeaay.biz
1.0,krvclcapdiduokroguydvghi.com
1.0,rgojnjkjfayfirbyxpztwxzpqx.biz
1.0,btkmwmvvcjbwsyxkvqwxflu.net
1.0,toxpofdicqaenrltfiijtprfq.org
1.0,grvwbzlinpttaauxljifce.info
1.0,ehdxxskjrvcjzpamaujnijf.info
1.0,qmzxobpvpbhucpnlheicujv.info
1.0,eylrseqtfmkbkblnmjugbyxzxr.com
1.0,rgxgbecuxxchymzygunbwknvpx.net
1.0,buskqktwxwytzhywcamppjiof.biz
1.0,ydztoeqgbmyddxgbqtbqyga.info
1.0,wopkjkrvgonsgljfewcmfuob.biz
1.0,ivspprxghgudtfuwsbqydnfv.org
1.0,uspfeytcamzdemjvinjnbvgp.com
1.0,onrseaijqcdcifeicytkblzvs.org
1.0,dtgavwcltkherojfusnjnzt.com
1.0,cenvjfaqerwrfumbwgaqmzaqd.info
1.0,nzztamkayxtptemcaeorxgfq.info
1.0,sdatyluwnvobvcjnpjifyaqdel.net
1.0,irgqbmcubelzthepaywxssk.net
1.0,ibnzkfdlzqsythimffxjnyfe.com
1.0,njvstjfgubitjealfjbof.net
1.0,httrwiryxpzozzlkntsmnsph.biz
1.0,difxwyxgycydobdydivdcyzxlv.org
1.0,dpjbyskxtolrtfupvmbqwjfov.com
1.0,bqqhxdaivhnfyxvsfymfd.info
1.0,betgeujruwmvdlvcmrkrhuhbu.biz
1.0,dmmfayjrlwgrlzd.com
1.0,fmhzjvdgqwsifsweqtlgqlf.biz
1.0,zhydzdqgfurmjrizpnbwfb.com
1.0,pvhicepeqxzlfrkirsgmb.net
1.0,pwchmvkwobiynjemmrbnb.info
1.0,pvppzytkrrwjvjvgirzhhaguvp.com
1.0,zvwthunjlvpxsrswdac.org
1.0,bahinzqodypvcqcnifqspvlbnjz.com
1.0,vgwkdmwjxhmsgintckrdqbuqwtqs.org
1.0,aityugxkifwcqcqhiinjrwgidjv.org
1.0,dubqmzwzhtspnbdhpvnzmzypnby.com
1.0,caxdmgqlytwvskntmrdiamkfhieu.biz
1.0,ceqctlydijxmnqwqwljrojfdrwea.org
1.0,fisbmvgxskzltoifofpjaexsupzsg.org
1.0,soqglobgmaibywokvscbazeqfesk.com
1.0,pfuzhqozpjfrgxrhvmvazdgu.biz
1.0,tucauaixrcpnytjzhedzdrkkvdqei.net
1.0,ameioofxwciceylucpfrcynvgeqau.net
1.0,yxaiztjfbanzcalqgmjfilnlremfnv.com
1.0,dqykwspfxhubuqcitfesorszxdq.org
1.0,pfkzobxsijcutgrivgaulbeqxsoyl.com
1.0,hibjbdiamlzeywnzqskkzvstwmr.com
1.0,fmpbyeuzthilbdqirobrgztfalfqg.com
1.0,knldtcnjqwibbybepijkfuotqo.info
1.0,skduwotohsovcsprqkpvhmbayuwwo.com
1.0,xddmaqpvpfisghtgwkaexwkfx.com
1.0,ypzdjlvpqkmjeapvzhpforirgq.info
1.0,qctwkmntgavgvcemnjttxsvczlt.info
1.0,zhuwfimzxwpirsdqfafrkylkbx.info
1.0,zlhutodxsfyqsjdakjoznzgmwsoz.net
1.0,vkijqsciaqnroftxgwirbimzeqx.net
1.0,hdhtkcmambudupjlznzuwxpztp.info
1.0,woojgydqdibvshwctthrspfoblv.org
1.0,idbekrlfmrjzjbaeqsmzvwytwgzd.biz
1.0,vsfuifvgvwmreaypjronpjfqojmjibof.biz
1.0,orofwkmbzdgmfugyzhbylbcuiflrxkmv.biz
1.0,thxcthelyteaqhvkdlnznrcu.com
1.0,rofejrjnqwqstskwkjrpusobcaornz.net
1.0,cmgigugqskhueydubcuemqkqwyvchu.biz
1.0,benfhqtocaswbalnvlnznfpjukaq.com
1.0,uovwinfmcapqwfigarsyxciridm.org
1.0,dlbopjgideiozeyhepftofsp.org
1.0,izhnbswaubugazxobxafaecr.com
1.0,scgqhkfkvjfxcinfegadmlhjbjzbe.biz
1.0,vpfdqgademsklfyphcazphy.info
1.0,xkplfuozuwbioblkvyxpnjcilr.org
1.0,xgiontoscylugqxpypbydtmvd.net
1.0,dquswqsorwknnvbexfahaedyqc.net
1.0,wowgxsxwydrohulbwkjfofylojibhzl.com
1.0,fyonormrplrteaobxsaigqams.net
1.0,auufqkbljdpjduswjbzpgedqxo.biz
1.0,wkpuclbqgpadjbpjrggqfamfmv.biz
1.0,usciqexibxdxsypfmwkytage.com
1.0,pxmfbqeqzdipibamhyxqwg.com
1.0,scjrfadjtsxnvzttcivrcem.info
1.0,ddinrcdieeiypononcuxwqkfu.net
1.0,tijcmorprmzxxjvjntfmcu.com
1.0,fgixorwtukygiypqsdqoyxcpdu.net
1.0,zxozofwopfymjoizozlbu.biz
1.0,usrknbnfxstcxfptkxkgmzjrvs.com
1.0,aqdpyheijmrltcjngidhu.info
1.0,uoavkfmnjlzhanaubqwxklypmf.org
1.0,eiytprbuivnzjrofytkrmfthqucnbzt.net
1.0,vgtqgttcibldhehuyxpnnj.com
1.0,tccxkfztxkjzhdcthxsbajjb.org
1.0,lvpqsfqflnvdumnroculdieywl.com
1.0,qeizljnjnzdcutcjzhjrlrsl.info
1.0,gedhxwkbwgcyprozpphcatkllf.com
1.0,pypzdrbdpzxkzzamhdbixsrw.org
1.0,gilvtjbzxwtirelrbdtwl.com
1.0,duxskvocytweyqkyxsfueq.com
1.0,qcdeueurktklvldqtoizmmjfquw.biz
1.0,rsifucmeuxxkypbigegyeylzjfyx.info
1.0,yhyhydlrcovdejnuceqrkhhag.biz
1.0,aenmtsusuczpmzvswctczxtohyuk.info
1.0,ofdeapzifhaobswgatnbynzcmso.biz
1.0,obuktijqkpcitgypburfuirgeqs.com
1.0,xtgejbhuzlxothicuzteargobjb.net
1.0,mvuwypcyaepdambgajrtbawowgo.org
1.0,rgdzhwkrnvnzhugpnrbatbyqczp.com
1.0,cdxpzbavsljdtslnqkjbkjrcai.info
1.0,byknfumfknlflnpgujcigykbmvvsuw.org
1.0,tbvnwohbzj8w.com
1.0,faodilbtnsboq.com
1.0,rbyftfidfaubkl.com
1.0,koogaktseqmtdpo.com
1.0,tbvnwohbzj8w.com
1.0,rbyftfidfaubkl.com
1.0,tbvnwohbzj8w.com
1.0,hljxhjitufhbvxdjcr.com
1.0,sdqjifituyelhsy4r.com
1.0,tbvnwohbzj8w.com
1.0,hljxhjitufhbvxdjcr.com
1.0,rbyftfidfaubkl.com
1.0,tbvnwohbzj8w.com
1.0,hljxhjitufhbvxdjcr.com
1.0,hljxhjitufhbvxdjcr.com
0.0,google.com
0.0,facebook.com
0.0,youtube.com
0.0,yahoo.com
0.0,baidu.com
0.0,amazon.com
0.0,wikipedia.org
0.0,taobao.com
0.0,twitter.com
0.0,qq.com
0.0,google.co.in
0.0,live.com
0.0,sina.com.cn
0.0,linkedin.com
0.0,weibo.com
0.0,yahoo.co.jp
0.0,tmall.com
0.0,ebay.com
0.0,google.co.jp
0.0,blogspot.com
0.0,yandex.ru
0.0,google.de
0.0,vk.com
0.0,hao123.com
0.0,bing.com
0.0,t.co
0.0,msn.com
0.0,google.co.uk
0.0,amazon.co.jp
0.0,onclickads.net
0.0,google.fr
0.0,ask.com
0.0,sohu.com
0.0,google.com.br
0.0,instagram.com
0.0,reddit.com
0.0,aliexpress.com
0.0,mail.ru
0.0,wordpress.com
0.0,pinterest.com
0.0,paypal.com
0.0,xvideos.com
0.0,gmail.com
0.0,tumblr.com
0.0,google.ru
0.0,imgur.com
0.0,microsoft.com
0.0,google.it
0.0,apple.com
0.0,fc2.com
0.0,google.es
0.0,alibaba.com
0.0,adcash.com
0.0,imdb.com
0.0,360.cn
0.0,googleadservices.com
0.0,amazon.de
0.0,diply.com
0.0,netflix.com
0.0,craigslist.org
0.0,ok.ru
0.0,google.ca
0.0,stackoverflow.com
0.0,google.com.mx
0.0,xhamster.com
0.0,naver.com
0.0,tianya.cn
0.0,go.com
0.0,pornhub.com
0.0,google.com.hk
0.0,google.com.tr
0.0,bbc.co.uk
0.0,rakuten.co.jp
0.0,amazon.co.uk
0.0,people.com.cn
0.0,google.co.id
0.0,ebay.de
0.0,gmw.cn
0.0,cntv.cn
0.0,xinhuanet.com
0.0,kickass.to
0.0,soso.com
0.0,nicovideo.jp
0.0,google.pl
0.0,amazon.cn
0.0,cnn.com
0.0,google.com.au
0.0,outbrain.com
0.0,dropbox.com
0.0,dailymotion.com
0.0,163.com
0.0,youku.com
0.0,chinadaily.com.cn
0.0,flipkart.com
0.0,googleusercontent.com
0.0,pixnet.net
0.0,alipay.com
0.0,google.co.kr
0.0,bycontext.com
0.0,amazon.in
0.0,directrev.com
0.0,livedoor.com
0.0,booking.com
0.0,jd.com
0.0,github.com
0.0,ebay.co.uk
0.0,espn.go.com
0.0,google.com.tw
0.0,adobe.com
0.0,indiatimes.com
0.0,huffingtonpost.com
0.0,wikia.com
0.0,xnxx.com
0.0,dailymail.co.uk
0.0,nytimes.com
0.0,blogger.com
0.0,google.com.sa
0.0,uol.com.br
0.0,chase.com
0.0,youradexchange.com
0.0,buzzfeed.com
0.0,china.com
0.0,google.com.eg
0.0,google.nl
0.0,sogou.com
0.0,google.co.th
0.0,tudou.com
0.0,coccoc.com
0.0,dmm.co.jp
0.0,blogspot.in
0.0,google.com.ar
0.0,ettoday.net
0.0,popads.net
0.0,bankofamerica.com
0.0,ameblo.jp
0.0,google.com.pk
0.0,slideshare.net
0.0,flickr.com
0.0,douban.com
0.0,amazonaws.com
0.0,pconline.com.cn
0.0,globo.com
0.0,redtube.com
0.0,bongacams.com
0.0,warmportrait.com
0.0,walmart.com
0.0,about.com
0.0,daum.net
0.0,etsy.com
0.0,amazon.fr
0.0,cnet.com
0.0,aol.com
0.0,theguardian.com
0.0,bbc.com
0.0,yelp.com
0.0,youporn.com
0.0,weather.com
0.0,life.com.tw
0.0,naver.jp
0.0,quora.com
0.0,loading-delivery1.com
0.0,twitch.tv
0.0,zillow.com
0.0,snapdeal.com
0.0,indeed.com
0.0,adf.ly
0.0,mystart.com
0.0,stackexchange.com
0.0,deviantart.com
0.0,wellsfargo.com
0.0,google.co.za
0.0,vimeo.com
0.0,google.co.ve
0.0,microsoftonline.com
0.0,forbes.com
0.0,stamplive.com
0.0,google.gr
0.0,godaddy.com
0.0,office365.com
0.0,reference.com
0.0,amazon.it
0.0,wordpress.org
0.0,soundcloud.com
0.0,leboncoin.fr
0.0,bp.blogspot.com
0.0,wikihow.com
0.0,ilividnewtab.com
0.0,feedly.com
0.0,themeforest.net
0.0,tubecup.com
0.0,tripadvisor.com
0.0,doublepimp.com
0.0,thepiratebay.se
0.0,google.com.ua
0.0,salesforce.com
0.0,espncricinfo.com
0.0,allegro.pl
0.0,popcash.net
0.0,zol.com.cn
0.0,ifeng.com
0.0,foxnews.com
0.0,livejournal.com
0.0,onet.pl
0.0,businessinsider.com
0.0,homedepot.com
0.0,goo.ne.jp
0.0,ikea.com
0.0,kakaku.com
0.0,wikimedia.org
0.0,china.com.cn
0.0,nih.gov
0.0,taboola.com
0.0,avito.ru
0.0,files.wordpress.com
0.0,abs-cbnnews.com
0.0,xuite.net
0.0,bestbuy.com
0.0,w3schools.com
0.0,zhihu.com
0.0,comcast.net
0.0,pixiv.net
0.0,google.be
0.0,mydomainadvisor.com
0.0,target.com
0.0,ups.com
0.0,pclady.com.cn
0.0,mozilla.org
0.0,vice.com
0.0,google.com.co
0.0,mediafire.com
0.0,theadgateway.com
0.0,telegraph.co.uk
0.0,google.com.ng
0.0,gamer.com.tw
0.0,google.com.sg
0.0,9gag.com
0.0,livejasmin.com
0.0,addthis.com
0.0,web.de
0.0,secureserver.net
0.0,google.ro
0.0,bitauto.com
0.0,washingtonpost.com
0.0,gfycat.com
0.0,usps.com
0.0,blogfa.com
0.0,archive.org
0.0,doorblog.jp
0.0,americanexpress.com
0.0,wix.com
0.0,groupon.com
0.0,gmx.net
0.0,mailchimp.com
0.0,avg.com
0.0,blogspot.com.br
0.0,badoo.com
0.0,softonic.com
0.0,sourceforge.net
0.0,xywy.com
0.0,adplxmd.com
0.0,office.com
0.0,google.com.ph
0.0,google.at
0.0,wow.com
0.0,quikr.com
0.0,google.cn
0.0,shutterstock.com
0.0,ndtv.com
0.0,orange.fr
0.0,youm7.com
0.0,google.pt
0.0,amazon.es
0.0,weebly.com
0.0,gome.com.cn
0.0,dmm.com
0.0,goodreads.com
0.0,caijing.com.cn
0.0,pandora.com
0.0,wordreference.com
0.0,steamcommunity.com
0.0,skype.com
0.0,ask.fm
0.0,bild.de
0.0,detail.tmall.com
0.0,ign.com
0.0,smzdm.com
0.0,kaskus.co.id
0.0,pchome.net
0.0,mercadolivre.com.br
0.0,mashable.com
0.0,google.com.pe
0.0,reimageplus.com
0.0,github.io
0.0,youth.cn
0.0,force.com
0.0,webmd.com
0.0,hulu.com
0.0,webssearches.com
0.0,stumbleupon.com
0.0,uptodown.com
0.0,hootsuite.com
0.0,google.se
0.0,akamaihd.net
0.0,bilibili.com
0.0,teepr.com
0.0,capitalone.com
0.0,hdfcbank.com
0.0,spiegel.de
0.0,wp.pl
0.0,usatoday.com
0.0,google.ae
0.0,icicibank.com
0.0,rambler.ru
0.0,hp.com
0.0,steampowered.com
0.0,google.ch
0.0,seznam.cz
0.0,mlb.com
0.0,t-online.de
0.0,mama.cn
0.0,udn.com
0.0,bomb01.com
0.0,fedex.com
0.0,bet365.com
0.0,tube8.com
0.0,wsj.com
0.0,google.cl
0.0,rediff.com
0.0,engadget.com
0.0,mobile01.com
0.0,drseks.com
0.0,bleacherreport.com
0.0,dell.com
0.0,whatsapp.com
0.0,bloomberg.com
0.0,answers.com
0.0,chinatimes.com
0.0,jabong.com
0.0,likes.com
0.0,39.net
0.0,speedtest.net
0.0,theladbible.com
0.0,extratorrent.cc
0.0,hurriyet.com.tr
0.0,google.no
0.0,samsung.com
0.0,truemediapipe.com
0.0,google.com.bd
0.0,accuweather.com
0.0,privatehomeclips.com
0.0,ijreview.com
0.0,nba.com
0.0,spotify.com
0.0,google.dz
0.0,slickdeals.net
0.0,gsmarena.com
0.0,amazon.ca
0.0,varzesh3.com
0.0,haosou.com
0.0,media.tumblr.com
0.0,verizonwireless.com
0.0,time.com
0.0,kompas.com
0.0,flirchi.com
0.0,vipcpms.com
0.0,rutracker.org
0.0,trackingclick.net
0.0,eastmoney.com
0.0,zendesk.com
0.0,infusionsoft.com
0.0,intuit.com
0.0,newegg.com
0.0,onlinesbi.com
0.0,google.cz
0.0,ebay.in
0.0,gameforge.com
0.0,2ch.net
0.0,babytree.com
0.0,google.co.hu
0.0,google.ie
0.0,iqiyi.com
0.0,sabq.org
0.0,ad132m.com
0.0,thefreedictionary.com
0.0,lifehacker.com
0.0,photobucket.com
0.0,4shared.com
0.0,staticwebdom.com
0.0,lady8844.com
0.0,libero.it
0.0,liveinternet.ru
0.0,webtretho.com
0.0,sahibinden.com
0.0,kickstarter.com
0.0,fbcdn.net
0.0,ltn.com.tw
0.0,google.co.il
0.0,milliyet.com.tr
0.0,tistory.com
0.0,evernote.com
0.0,marca.com
0.0,macys.com
0.0,scribd.com
0.0,att.com
0.0,ero-advertising.com
0.0,meetup.com
0.0,bestadbid.com
0.0,ck101.com
0.0,fiverr.com
0.0,buzzfil.net
0.0,lowes.com
0.0,blog.jp
0.0,ameba.jp
0.0,gizmodo.com
0.0,twimg.com
0.0,eksisozluk.com
0.0,livedoor.biz
0.0,disqus.com
0.0,blogspot.com.es
0.0,oracle.com
0.0,reuters.com
0.0,xda-developers.com
0.0,chaturbate.com
0.0,bhaskar.com
0.0,justdial.com
0.0,goal.com
0.0,torrentz.eu
0.0,surveymonkey.com
0.0,expedia.com
0.0,gmarket.co.kr
0.0,yandex.ua
0.0,csdn.net
0.0,citibank.com
0.0,ink361.com
0.0,taleo.net
0.0,ebay.com.au
0.0,java.com
0.0,trello.com
0.0,rt.com
0.0,naukri.com
0.0,ce.cn
0.0,free.fr
0.0,nyaa.se
0.0,autohome.com.cn
0.0,detik.com
0.0,mega.co.nz
0.0,uploaded.net
0.0,list-manage.com
0.0,ebay.it
0.0,liputan6.com
0.0,repubblica.it
0.0,agoda.com
0.0,kouclo.com
0.0,kooora.com
0.0,ppomppu.co.kr
0.0,tlbb8.com
0.0,trulia.com
0.0,cloudfront.net
0.0,exoclick.com
0.0,olx.in
0.0,theverge.com
0.0,icloud.com
0.0,32d1d3b9c.se
0.0,gap.com
0.0,retailmenot.com
0.0,sberbank.ru
0.0,sabah.com.tr
0.0,realtor.com
0.0,hdzog.com
0.0,mobile.de
0.0,hupu.com
0.0,elpais.com
0.0,doubleclick.com
0.0,asos.com
0.0,hudong.com
0.0,google.com.vn
0.0,kohls.com
0.0,xe.com
0.0,battle.net
0.0,paytm.com
0.0,irctc.co.in
0.0,6pm.com
0.0,hotels.com
0.0,souq.com
0.0,blogimg.jp
0.0,nordstrom.com
0.0,ashleyrnadison.com
0.0,kijiji.ca
0.0,lazada.co.id
0.0,google.fi
0.0,google.com.my
0.0,zippyshare.com
0.0,techcrunch.com
0.0,wunderground.com
0.0,styletv.com.cn
0.0,google.dk
0.0,albawabhnews.com
0.0,vetogate.com
0.0,eyny.com
0.0,b5m.com
0.0,airbnb.com
0.0,okcupid.com
0.0,impress.co.jp
0.0,kinopoisk.ru
0.0,rbc.ru
0.0,4dsply.com
0.0,moz.com
0.0,shopclues.com
0.0,iplt20.com
0.0,mercadolibre.com.ar
0.0,youboy.com
0.0,onedio.com
0.0,mystartsearch.com
0.0,tmz.com
0.0,google.sk
0.0,constantcontact.com
0.0,tabelog.com
0.0,corriere.it
0.0,issuu.com
0.0,savefrom.net
0.0,jqw.com
0.0,elmundo.es
0.0,hm.com
0.0,chinaz.com
0.0,beeg.com
0.0,subscene.com
0.0,duckduckgo.com
0.0,ptt01.cc
0.0,kayak.com
0.0,irs.gov
0.0,ancestry.com
0.0,slimspots.com
0.0,glassdoor.com
0.0,intoday.in
0.0,houzz.com
0.0,click4stat.com
0.0,npr.org
0.0,independent.co.uk
0.0,siteadvisor.com
0.0,haiwainet.cn
0.0,pcpop.com
0.0,nbcnews.com
0.0,goodgamestudios.com
0.0,abcnews.go.com
0.0,ucoz.ru
0.0,eastday.com
0.0,hatena.ne.jp
0.0,eonline.com
0.0,youtube-mp3.org
0.0,cnzz.com
0.0,wonderlandads.com
0.0,blogspot.jp
0.0,codecanyon.net
0.0,mi.com
0.0,taringa.net
0.0,ad120m.com
0.0,aweber.com
0.0,11st.co.kr
0.0,woot.com
0.0,ganji.com
0.0,seesaa.net
0.0,trklnks.com
0.0,wikiwiki.jp
0.0,azlyrics.com
0.0,enet.com.cn
0.0,mixi.jp
0.0,bitly.com
0.0,playstation.com
0.0,58.com
0.0,pof.com
0.0,box.com
0.0,verizon.com
0.0,nike.com
0.0,moneycontrol.com
0.0,gamefaqs.com
0.0,sears.com
0.0,sakura.ne.jp
0.0,statcounter.com
0.0,fidelity.com
0.0,gazeta.pl
0.0,it168.com
0.0,overstock.com
0.0,people.com
0.0,vnexpress.net
0.0,streamcloud.eu
0.0,youdao.com
0.0,abril.com.br
0.0,donga.com
0.0,ehow.com
0.0,lenovo.com
0.0,mirror.co.uk
0.0,nifty.com
0.0,costco.com
0.0,urdupoint.com
0.0,eventbrite.com
0.0,subito.it
0.0,appledaily.com.tw
0.0,southwest.com
0.0,olx.pl
0.0,swagbucks.com
0.0,jimdo.com
0.0,stockstar.com
0.0,discovercard.com
0.0,instructables.com
0.0,aparat.com
0.0,urbandictionary.com
0.0,lenta.ru
0.0,mercadolibre.com.ve
0.0,youjizz.com
0.0,domaintools.com
0.0,shopify.com
0.0,hespress.com
0.0,hostgator.com
0.0,17ok.com
0.0,torrentz.in
0.0,livescore.com
0.0,staples.com
0.0,drudgereport.com
0.0,ca.gov
0.0,cbssports.com
0.0,airtel.in
0.0,rednet.cn
0.0,workercn.cn
0.0,php.net
0.0,zing.vn
0.0,pch.com
0.0,zulily.com
0.0,asana.com
0.0,onlylady.com
0.0,pinimg.com
0.0,interia.pl
0.0,allrecipes.com
0.0,rottentomatoes.com
0.0,fanli.com
0.0,lifebuzz.com
0.0,ero-video.net
0.0,ewt.cc
0.0,putlocker.is
0.0,timeanddate.com
0.0,priceline.com
0.0,all2lnk.com
0.0,squarespace.com
0.0,ebay.fr
0.0,dianping.com
0.0,gismeteo.ru
0.0,slate.com
0.0,blog.me
0.0,nydailynews.com
0.0,in.com
0.0,xfinity.com
0.0,voc.com.cn
0.0,bhphotovideo.com
0.0,so-net.ne.jp
0.0,wetransfer.com
0.0,sex.com
0.0,jrj.com.cn
0.0,lolwot.com
0.0,bodybuilding.com
0.0,academia.edu
0.0,shareba.com
0.0,blogspot.mx
0.0,ig.com.br
0.0,delta-homes.com
0.0,omnaling.com
0.0,latimes.com
0.0,cnblogs.com
0.0,japanpost.jp
0.0,myntra.com
0.0,tnaflix.com
0.0,digikala.com
0.0,iflscience.com
0.0,chip.de
0.0,slack.com
0.0,etao.com
0.0,wired.com
0.0,epweike.com
0.0,bukalapak.com
0.0,el-balad.com
0.0,globososo.com
0.0,cracked.com
0.0,neobux.com
0.0,chinaso.com
0.0,google.co.nz
0.0,chron.com
0.0,tinyurl.com
0.0,elmogaz.com
0.0,pantip.com
0.0,gawker.com
0.0,shareasale.com
0.0,soku.com
0.0,statsmobi.com
0.0,porn.com
0.0,news.com.au
0.0,commentcamarche.net
0.0,makemytrip.com
0.0,xunlei.com
0.0,twoo.com
0.0,wiktionary.org
0.0,asus.com
0.0,kdnet.net
0.0,cityadspix.com
0.0,cricbuzz.com
0.0,nhl.com
0.0,rapidgator.net
0.0,nfl.com
0.0,united.com
0.0,williamhill.com
0.0,biglobe.ne.jp
0.0,what-character-are-you.com
0.0,myfitnesspal.com
0.0,goo.gl
0.0,haber7.com
0.0,babycenter.com
0.0,smartshopping.com
0.0,myway.com
0.0,douyutv.com
0.0,blackboard.com
0.0,billdesk.com
0.0,cnbc.com
0.0,lemonde.fr
0.0,315che.com
0.0,nmisr.com
0.0,zoho.com
0.0,marketwatch.com
0.0,lefigaro.fr
0.0,emol.com
0.0,ew.com
0.0,googleapis.com
0.0,change.org
0.0,aa.com
0.0,f54d6bf2b1.se
0.0,zappos.com
0.0,vcommission.com
0.0,pcmag.com
0.0,ci123.com
0.0,elwatannews.com
0.0,disney.go.com
0.0,ria.ru
0.0,r10.net
0.0,e-hentai.org
0.0,vi-view.com
0.0,comcast.com
0.0,filmon-ads.com
0.0,momoshop.com.tw
0.0,gemius.pl
0.0,exblog.jp
0.0,custhelp.com
0.0,atwiki.jp
0.0,cookpad.com
0.0,adsrvmedia.net
0.0,medium.com
0.0,junbi-tracker.com
0.0,google.com.kw
0.0,mercadolibre.com.mx
0.0,sbnation.com
0.0,warofclicks.com
0.0,udemy.com
0.0,omiga-plus.com
0.0,focus.de
0.0,bookmyshow.com
0.0,foodnetwork.com
0.0,vine.co
0.0,rightmove.co.uk
0.0,lapatilla.com
0.0,renren.com
0.0,semrush.com
0.0,coupons.com
0.0,torcache.net
0.0,facenama.com
0.0,usaa.com
0.0,weblio.jp
0.0,backpage.com
0.0,patch.com
0.0,state.gov
0.0,basecamp.com
0.0,nikkei.com
0.0,google.bg
0.0,google.lk
0.0,drtuber.com
0.0,wav.tv
0.0,rockstargames.com
0.0,affclicker.com
0.0,mynet.com
0.0,ibm.com
0.0,elfagr.org
0.0,coursera.org
0.0,milanuncios.com
0.0,usbank.com
0.0,elance.com
0.0,letv.com
0.0,saramin.co.kr
0.0,gofundme.com
0.0,www.gov.uk
0.0,thehindu.com
0.0,westernjournalism.com
0.0,primewire.ag
0.0,match.com
0.0,reverso.net
0.0,fitbit.com
0.0,sciencedirect.com
0.0,k618.cn
0.0,delta.com
0.0,tribunnews.com
0.0,yandex.com.tr
0.0,tagged.com
0.0,cbsnews.com
0.0,22find.com
0.0,nate.com
0.0,filehippo.com
0.0,ted.com
0.0,sfgate.com
0.0,ticketmaster.com
0.0,entrepreneur.com
0.0,friv.com
0.0,usmagazine.com
0.0,istartsurf.com
0.0,as.com
0.0,google.rs
0.0,abplive.in
0.0,nhk.or.jp
0.0,bluehost.com
0.0,webex.com
0.0,hubspot.com
0.0,mackolik.com
0.0,sulekha.com
0.0,europa.eu
0.0,behance.net
0.0,gyazo.com
0.0,mayoclinic.org
0.0,tomshardware.com
0.0,lequipe.fr
0.0,webcrawler.com
0.0,geocities.jp
0.0,yts.to
0.0,mihanblog.com
0.0,mackeeper.com
0.0,bidvertiser.com
0.0,yandex.kz
0.0,ruten.com.tw
0.0,mynavi.jp
0.0,trovi.com
0.0,efix.com
0.0,cbs.com
0.0,indianrail.gov.in
0.0,auction.co.kr
0.0,netteller.com
0.0,adp.com
0.0,ytimg.com
0.0,superuser.com
0.0,novinky.cz
0.0,padsdel.com
0.0,sky.com
0.0,yodobashi.com
0.0,gutefrage.net
0.0,xing.com
0.0,m-w.com
0.0,blogspot.de
0.0,prntscr.com
0.0,liveleak.com
0.0,104.com.tw
0.0,kotaku.com
0.0,olx.com.br
0.0,mbc.net
0.0,track300.com
0.0,blogspot.com.tr
0.0,126.com
0.0,cdiscount.com
0.0,gamespot.com
0.0,investopedia.com
0.0,sapo.pt
0.0,tahrirnews.com
0.0,pchome.com.tw
0.0,cbc.ca
0.0,biobiochile.cl
0.0,cisco.com
0.0,safehomepage.com
0.0,monster.com
0.0,io9.com
0.0,histats.com
0.0,mit.edu
0.0,yandex.by
0.0,acfun.tv
0.0,jcpenney.com
0.0,xbox.com
0.0,sfr.fr
0.0,terra.com.br
0.0,myfreecams.com
0.0,almasryalyoum.com
0.0,wetter.com
0.0,cbslocal.com
0.0,india.com
0.0,dreamstime.com
0.0,asahi.com
0.0,livestrong.com
0.0,altervista.org
0.0,am15.net
0.0,freepik.com
0.0,sh.st
0.0,researchgate.net
0.0,cpasbien.pw
0.0,ixxx.com
0.0,android.com
0.0,jumia.com.ng
0.0,whitepages.com
0.0,anitube.se
0.0,clien.net
0.0,gumtree.com
0.0,digg.com
0.0,free-tv-video-online.info
0.0,yellowpages.com
0.0,vk.me
0.0,ccb.com
0.0,instructure.com
0.0,tokopedia.com
0.0,nownews.com
0.0,huaban.com
0.0,himado.in
0.0,folha.uol.com.br
0.0,pagesjaunes.fr
0.0,lun.com
0.0,google.hr
0.0,suning.com
0.0,weather.gov
0.0,leagueoflegends.com
0.0,itmedia.co.jp
0.0,olx.ua
0.0,4chan.org
0.0,ebates.com
0.0,sahadan.com
0.0,adme.ru
0.0,21cn.com
0.0,t-mobile.com
0.0,mapquest.com
0.0,popsugar.com
0.0,media-fire.org
0.0,7769domain.com
0.0,focus.cn
0.0,wayfair.com
0.0,audible.com
0.0,hardsextube.com
0.0,farsnews.com
0.0,emgn.com
0.0,blockthis.co.uk
0.0,informer.com
0.0,gazzetta.it
0.0,blogspot.ru
0.0,rutor.org
0.0,faithtap.com
0.0,theblaze.com
0.0,1webcatalog.com
0.0,how-old.net
0.0,redfin.com
0.0,bahn.de
0.0,immobilienscout24.de
0.0,allocine.fr
0.0,google.by
0.0,123rf.com
0.0,dafont.com
0.0,masrawy.com
0.0,ebay.ca
0.0,androidcentral.com
0.0,rakuten.ne.jp
0.0,howtogeek.com
0.0,2chblog.jp
0.0,prothom-alo.com
0.0,indianexpress.com
0.0,forever21.com
0.0,deadspin.com
0.0,iminent.com
0.0,yhd.com
0.0,food.com
0.0,thedailybeast.com
0.0,amoory.com
0.0,qingdaonews.com
0.0,oyunskor.com
0.0,hilton.com
0.0,zara.com
0.0,nbcsports.com
0.0,scoop.it
0.0,xtube.com
0.0,sharepoint.com
0.0,walgreens.com
0.0,hatenablog.com
0.0,smh.com.au
0.0,techradar.com
0.0,alarabiya.net
0.0,drom.ru
0.0,tsite.jp
0.0,offpageads.com
0.0,adultfriendfinder.com
0.0,google.com.ec
0.0,typepad.com
0.0,nypost.com
0.0,mediaset.it
0.0,marriott.com
0.0,prezi.com
0.0,investing.com
0.0,4399.com
0.0,gittigidiyor.com
0.0,deezer.com
